<?xml version='1.0' encoding='UTF-8' standalone='no'?>
<doxygen xmlns:xsi="http://www.w3.org/2001/XMLSchema-instance" xsi:noNamespaceSchemaLocation="compound.xsd" version="1.8.17">
  <compounddef id="dir_74389ed8173ad57b461b9d623a1f3867" kind="dir">
    <compoundname>Source</compoundname>
    <innerdir refid="dir_c80df87aed46070b86a7008778015d1a">bionic</innerdir>
    <innerdir refid="dir_e203be77b60a873c3af063de5cff82a1">pin</innerdir>
    <briefdescription>
    </briefdescription>
    <detaileddescription>
    </detaileddescription>
    <location file="Source/"/>
  </compounddef>
</doxygen>
