<?xml version='1.0' encoding='UTF-8' standalone='no'?>
<doxygen xmlns:xsi="http://www.w3.org/2001/XMLSchema-instance" xsi:noNamespaceSchemaLocation="compound.xsd" version="1.8.17">
  <compounddef id="dir_81c5f038f19bafc86419c65bfd967507" kind="dir">
    <compoundname>vm</compoundname>
    <innerfile refid="ins__iarg_8PH">ins_iarg.PH</innerfile>
    <briefdescription>
    </briefdescription>
    <detaileddescription>
    </detaileddescription>
    <location file="Source/pin/vm/"/>
  </compounddef>
</doxygen>
