<?xml version='1.0' encoding='UTF-8' standalone='no'?>
<doxygen xmlns:xsi="http://www.w3.org/2001/XMLSchema-instance" xsi:noNamespaceSchemaLocation="compound.xsd" version="1.8.17">
  <compounddef id="group__ERROR__FILE" kind="group">
    <compoundname>ERROR_FILE</compoundname>
    <title>Pin Error Reporting Support</title>
      <sectiondef kind="enum">
      <memberdef kind="enum" id="group__ERROR__FILE_1gaa5229e893bc3646b53b8547328305441" prot="public" static="no" strong="no">
        <type></type>
        <name>PIN_ERR_SEVERITY_TYPE</name>
        <enumvalue id="group__ERROR__FILE_1ggaa5229e893bc3646b53b8547328305441a3a9ed010756ea9f06b34211f6c66fba5" prot="public">
          <name>PIN_ERR_FATAL</name>
          <briefdescription>
          </briefdescription>
          <detaileddescription>
<para>fatal error, Pin exits after printing message. </para>
          </detaileddescription>
        </enumvalue>
        <enumvalue id="group__ERROR__FILE_1ggaa5229e893bc3646b53b8547328305441a332ad1eb0ad2f1a4486ad0f4b4478f3c" prot="public">
          <name>PIN_ERR_NONFATAL</name>
          <briefdescription>
          </briefdescription>
          <detaileddescription>
<para>non-fatal error </para>
          </detaileddescription>
        </enumvalue>
        <briefdescription>
        </briefdescription>
        <detaileddescription>
<para>This file defines the Pin error types. They are used in conjunction with the Pin -error_file option.</para>
<para>Severity used by <ref refid="group__ERROR__FILE_1ga736b7ac932c906914c9710bfa5ca98f2" kindref="member">PIN_WriteErrorMessage()</ref> </para>
        </detaileddescription>
        <inbodydescription>
        </inbodydescription>
        <location file="Source/pin/include/pin-errtype.h" line="26" column="1" bodyfile="Source/pin/include/pin-errtype.h" bodystart="25" bodyend="29"/>
      </memberdef>
      <memberdef kind="enum" id="group__ERROR__FILE_1gaeda9680c6d7a2340a2fd22ab6302b2b9" prot="public" static="no" strong="no">
        <type></type>
        <name>PIN_ERRTYPE</name>
        <enumvalue id="group__ERROR__FILE_1ggaeda9680c6d7a2340a2fd22ab6302b2b9ae23249419158a25051069ad451c6b6c3" prot="public">
          <name>PIN_ERR_NONE</name>
          <initializer>= 0</initializer>
          <briefdescription>
          </briefdescription>
          <detaileddescription>
<para>0 args. no error. </para>
          </detaileddescription>
        </enumvalue>
        <enumvalue id="group__ERROR__FILE_1ggaeda9680c6d7a2340a2fd22ab6302b2b9afc15c2e29db256ad8f4e0b64bb5e9c32" prot="public">
          <name>PIN_ERR_INTERNAL</name>
          <briefdescription>
          </briefdescription>
          <detaileddescription>
<para>0 args. internal pin error has occurred. </para>
          </detaileddescription>
        </enumvalue>
        <enumvalue id="group__ERROR__FILE_1ggaeda9680c6d7a2340a2fd22ab6302b2b9a592e8b0bba9097f7ac303101a570ad64" prot="public">
          <name>PIN_ERR_ASSERT</name>
          <briefdescription>
          </briefdescription>
          <detaileddescription>
<para>0 args. internal pin assertion has occurred. </para>
          </detaileddescription>
        </enumvalue>
        <enumvalue id="group__ERROR__FILE_1ggaeda9680c6d7a2340a2fd22ab6302b2b9a4a1c3ea337917024efd0ee448e70dde8" prot="public">
          <name>PIN_ERR_TOOL</name>
          <briefdescription>
          </briefdescription>
          <detaileddescription>
<para>0 args. tool error has been detected. </para>
          </detaileddescription>
        </enumvalue>
        <enumvalue id="group__ERROR__FILE_1ggaeda9680c6d7a2340a2fd22ab6302b2b9a92abab72b33b6190ff2461166762bfef" prot="public">
          <name>PIN_ERR_CMD_LINE</name>
          <briefdescription>
          </briefdescription>
          <detaileddescription>
<para>0 args. tool arguments are incorrect. </para>
          </detaileddescription>
        </enumvalue>
        <enumvalue id="group__ERROR__FILE_1ggaeda9680c6d7a2340a2fd22ab6302b2b9ab13744c77fbe5c2edadbf55d83383c6c" prot="public">
          <name>PIN_ERR_PARSING</name>
          <briefdescription>
          </briefdescription>
          <detaileddescription>
<para>0 args. command line arguments are incorrect. </para>
          </detaileddescription>
        </enumvalue>
        <enumvalue id="group__ERROR__FILE_1ggaeda9680c6d7a2340a2fd22ab6302b2b9adc823fa50f0f1af2d5f56310744a3415" prot="public">
          <name>PIN_ERR_NO_APP</name>
          <briefdescription>
          </briefdescription>
          <detaileddescription>
<para>0 args. missing application name. </para>
          </detaileddescription>
        </enumvalue>
        <enumvalue id="group__ERROR__FILE_1ggaeda9680c6d7a2340a2fd22ab6302b2b9a8a715088f5cc09212bacf749906c8691" prot="public">
          <name>PIN_ERR_INVALID_PLOAD</name>
          <briefdescription>
          </briefdescription>
          <detaileddescription>
<para>0 args. invalid pload argument. </para>
          </detaileddescription>
        </enumvalue>
        <enumvalue id="group__ERROR__FILE_1ggaeda9680c6d7a2340a2fd22ab6302b2b9adeddad4145c2f41bfc268a079a958c8b" prot="public">
          <name>PIN_ERR_FILE_NOT_FOUND</name>
          <briefdescription>
          </briefdescription>
          <detaileddescription>
<para>1 arg: file name. error in application file name or path. </para>
          </detaileddescription>
        </enumvalue>
        <enumvalue id="group__ERROR__FILE_1ggaeda9680c6d7a2340a2fd22ab6302b2b9a610cb5bc944d945894a0cfb95a08ddbc" prot="public">
          <name>PIN_ERR_ELF_HEADER</name>
          <briefdescription>
          </briefdescription>
          <detaileddescription>
<para>1 arg: file name. unable to read elf header of &quot;filename&quot;. <linebreak/>
 </para>
          </detaileddescription>
        </enumvalue>
        <enumvalue id="group__ERROR__FILE_1ggaeda9680c6d7a2340a2fd22ab6302b2b9af052e4217f8ee6fa7b12c9d9e3cb92a9" prot="public">
          <name>PIN_ERR_NO_PIE</name>
          <briefdescription>
          </briefdescription>
          <detaileddescription>
<para>1 arg: file name. pie binaries not supported on this system. <linebreak/>
 </para>
          </detaileddescription>
        </enumvalue>
        <enumvalue id="group__ERROR__FILE_1ggaeda9680c6d7a2340a2fd22ab6302b2b9a16fdde4caf057cbf682393633ed02fce" prot="public">
          <name>PIN_ERR_NO_ENTRY_OFFSET</name>
          <briefdescription>
          </briefdescription>
          <detaileddescription>
<para>1 arg: file name. no entry in aux vector. </para>
          </detaileddescription>
        </enumvalue>
        <enumvalue id="group__ERROR__FILE_1ggaeda9680c6d7a2340a2fd22ab6302b2b9a5a7606316343e42702dafe8160c7c1cf" prot="public">
          <name>PIN_ERR_INVALID_ADDRESS</name>
          <briefdescription>
          </briefdescription>
          <detaileddescription>
<para>1 arg: address. &quot;address&quot; is invalid. </para>
          </detaileddescription>
        </enumvalue>
        <enumvalue id="group__ERROR__FILE_1ggaeda9680c6d7a2340a2fd22ab6302b2b9afe8d264b96aed6f5f270603aa978977e" prot="public">
          <name>PIN_ERR_INVALID_ADDRESS_RANGE</name>
          <briefdescription>
          </briefdescription>
          <detaileddescription>
<para>2 args: low address, high address. address range is invalid. </para>
          </detaileddescription>
        </enumvalue>
        <enumvalue id="group__ERROR__FILE_1ggaeda9680c6d7a2340a2fd22ab6302b2b9a67dbe3b3bcfe808f0da46822f217d232" prot="public">
          <name>PIN_ERR_CANNOT_LOAD_TOOL</name>
          <briefdescription>
          </briefdescription>
          <detaileddescription>
<para>1 arg: tool name. pin cannot load &quot;tool&quot;. </para>
          </detaileddescription>
        </enumvalue>
        <enumvalue id="group__ERROR__FILE_1ggaeda9680c6d7a2340a2fd22ab6302b2b9ae61b4363c81410f881294dfde1ef7ab5" prot="public">
          <name>PIN_ERR_PIN_INJECTION</name>
          <briefdescription>
          </briefdescription>
          <detaileddescription>
<para>0 arg: can&apos;t inject pin in running process. </para>
          </detaileddescription>
        </enumvalue>
        <enumvalue id="group__ERROR__FILE_1ggaeda9680c6d7a2340a2fd22ab6302b2b9aa35c09c1e77601bddbadefaf954af7fc" prot="public">
          <name>PIN_ERR_WAIT_FOR_INJECTOR</name>
          <briefdescription>
          </briefdescription>
          <detaileddescription>
<para>2 args: pid, errno. injector &quot;pid&quot; failed to exit. </para>
          </detaileddescription>
        </enumvalue>
        <enumvalue id="group__ERROR__FILE_1ggaeda9680c6d7a2340a2fd22ab6302b2b9abaf114893bba734cb889887dafe05dbf" prot="public">
          <name>PIN_ERR_BAD_OS_FILE</name>
          <briefdescription>
          </briefdescription>
          <detaileddescription>
<para>0 args. cannot determine os release. </para>
          </detaileddescription>
        </enumvalue>
        <enumvalue id="group__ERROR__FILE_1ggaeda9680c6d7a2340a2fd22ab6302b2b9a6544853c7cbcbc37adbafee819cb508b" prot="public">
          <name>PIN_ERR_UNSUPPORTED_OS</name>
          <briefdescription>
          </briefdescription>
          <detaileddescription>
<para>0 args. unsupported os. </para>
          </detaileddescription>
        </enumvalue>
        <enumvalue id="group__ERROR__FILE_1ggaeda9680c6d7a2340a2fd22ab6302b2b9a2ecdad35ad2265a3c080656dad2683e2" prot="public">
          <name>PIN_ERR_BIN32</name>
          <briefdescription>
          </briefdescription>
          <detaileddescription>
<para>0 args. 32-bit binary detected. </para>
          </detaileddescription>
        </enumvalue>
        <enumvalue id="group__ERROR__FILE_1ggaeda9680c6d7a2340a2fd22ab6302b2b9aba5c2b23d6d7b7ced8ba8bbf63cf36db" prot="public">
          <name>PIN_ERR_BIN64</name>
          <briefdescription>
          </briefdescription>
          <detaileddescription>
<para>0 args. 64-bit binary detected. </para>
          </detaileddescription>
        </enumvalue>
        <enumvalue id="group__ERROR__FILE_1ggaeda9680c6d7a2340a2fd22ab6302b2b9a52a139ca1256f4d394d3a99605ed268e" prot="public">
          <name>PIN_ERR_CANNOT_RUN</name>
          <briefdescription>
          </briefdescription>
          <detaileddescription>
<para>1 arg: errno. error in running pin. </para>
          </detaileddescription>
        </enumvalue>
        <enumvalue id="group__ERROR__FILE_1ggaeda9680c6d7a2340a2fd22ab6302b2b9a0b1450bdd2c0669f82dd077d6fdbc916" prot="public">
          <name>PIN_ERR_ATTACH_PID</name>
          <briefdescription>
          </briefdescription>
          <detaileddescription>
<para>2 arg: pid, errno. attach to &quot;pid&quot; failed. </para>
          </detaileddescription>
        </enumvalue>
        <enumvalue id="group__ERROR__FILE_1ggaeda9680c6d7a2340a2fd22ab6302b2b9a06fb114c64ee8b6e0ea0925da63c290e" prot="public">
          <name>PIN_ERR_ATTACH_NYI</name>
          <briefdescription>
          </briefdescription>
          <detaileddescription>
<para>0 arg: attach to running process is NYI for Pin/Windows in JIT mode. </para>
          </detaileddescription>
        </enumvalue>
        <enumvalue id="group__ERROR__FILE_1ggaeda9680c6d7a2340a2fd22ab6302b2b9a96fb2bd21e6266b43ac3993c42289c61" prot="public">
          <name>PIN_ERR_ATTACH_REJECTED</name>
          <briefdescription>
          </briefdescription>
          <detaileddescription>
<para>0 arg: ptrace attach rejected. </para>
          </detaileddescription>
        </enumvalue>
        <enumvalue id="group__ERROR__FILE_1ggaeda9680c6d7a2340a2fd22ab6302b2b9ab75b40709d0351b9612b69c7663d1af4" prot="public">
          <name>PIN_ERR_ATTACH_PTRACE_SCOPE_1</name>
          <briefdescription>
          </briefdescription>
          <detaileddescription>
<para>1 arg: pid, ptrace attach rejected due to sysctl kernel.yama.ptrace_scope. </para>
          </detaileddescription>
        </enumvalue>
        <enumvalue id="group__ERROR__FILE_1ggaeda9680c6d7a2340a2fd22ab6302b2b9a9edc8f11e078b58222de1d244f688e91" prot="public">
          <name>PIN_ERR_DETACH_PID</name>
          <briefdescription>
          </briefdescription>
          <detaileddescription>
<para>2 arg: pid, errno. detach failed. </para>
          </detaileddescription>
        </enumvalue>
        <enumvalue id="group__ERROR__FILE_1ggaeda9680c6d7a2340a2fd22ab6302b2b9a5ce293f912d0a0eda6ae7b2a7f953b61" prot="public">
          <name>PIN_ERR_WAIT_PID</name>
          <briefdescription>
          </briefdescription>
          <detaileddescription>
<para>2 arg: pid, errno. wait for child failed. </para>
          </detaileddescription>
        </enumvalue>
        <enumvalue id="group__ERROR__FILE_1ggaeda9680c6d7a2340a2fd22ab6302b2b9a91aff46b1629b329f0b1f9e4aa689a57" prot="public">
          <name>PIN_ERR_STEP_PID</name>
          <briefdescription>
          </briefdescription>
          <detaileddescription>
<para>2 arg: pid, errno. single step failed. </para>
          </detaileddescription>
        </enumvalue>
        <enumvalue id="group__ERROR__FILE_1ggaeda9680c6d7a2340a2fd22ab6302b2b9a9fab7dc21e403a57c9997df99e821b7e" prot="public">
          <name>PIN_ERR_WAIT_EXECV</name>
          <briefdescription>
          </briefdescription>
          <detaileddescription>
<para>1 arg: errno. wait after execv failed. </para>
          </detaileddescription>
        </enumvalue>
        <enumvalue id="group__ERROR__FILE_1ggaeda9680c6d7a2340a2fd22ab6302b2b9aa8698cd0773309ddac50d3921b9f18df" prot="public">
          <name>PIN_ERR_APP_RESUME</name>
          <briefdescription>
          </briefdescription>
          <detaileddescription>
<para>1 arg: errno. resuming application failed. </para>
          </detaileddescription>
        </enumvalue>
        <enumvalue id="group__ERROR__FILE_1ggaeda9680c6d7a2340a2fd22ab6302b2b9a55674b832d172a6a8bc10b49cbe3d8be" prot="public">
          <name>PIN_ERR_NO_INSTRUMENT</name>
          <briefdescription>
          </briefdescription>
          <detaileddescription>
<para>2 args: file name, errno. could not instrument process. </para>
          </detaileddescription>
        </enumvalue>
        <enumvalue id="group__ERROR__FILE_1ggaeda9680c6d7a2340a2fd22ab6302b2b9a45967f15d3f5919a4b2f497b313cc562" prot="public">
          <name>PIN_ERR_CHILD_PTRACEME</name>
          <briefdescription>
          </briefdescription>
          <detaileddescription>
<para>1 arg: errno. parent cannot trace the child. </para>
          </detaileddescription>
        </enumvalue>
        <enumvalue id="group__ERROR__FILE_1ggaeda9680c6d7a2340a2fd22ab6302b2b9ae748d8c383349278a02edb6d3a68dfc1" prot="public">
          <name>PIN_ERR_CHILD_RESUME</name>
          <briefdescription>
          </briefdescription>
          <detaileddescription>
<para>1 arg: errno. resuming child failed. </para>
          </detaileddescription>
        </enumvalue>
        <enumvalue id="group__ERROR__FILE_1ggaeda9680c6d7a2340a2fd22ab6302b2b9ad0c8f9cee6534da5ac96662547cc43a5" prot="public">
          <name>PIN_ERR_RELINK_APP</name>
          <briefdescription>
          </briefdescription>
          <detaileddescription>
<para>0 args: application address overlaps with pin, relink. </para>
          </detaileddescription>
        </enumvalue>
        <enumvalue id="group__ERROR__FILE_1ggaeda9680c6d7a2340a2fd22ab6302b2b9ac46a5e724123ff99f19c3e1a581fc41e" prot="public">
          <name>PIN_ERR_KNOB_BAD</name>
          <briefdescription>
          </briefdescription>
          <detaileddescription>
<para>1 arg: knob. unknown &quot;knob&quot; on command line. </para>
          </detaileddescription>
        </enumvalue>
        <enumvalue id="group__ERROR__FILE_1ggaeda9680c6d7a2340a2fd22ab6302b2b9a21da2aed13d9167142bdf21c56b4e99a" prot="public">
          <name>PIN_ERR_NO_RELOCS</name>
          <briefdescription>
          </briefdescription>
          <detaileddescription>
<para>0 args. regular relocations not found, relink with -q. <linebreak/>
 </para>
          </detaileddescription>
        </enumvalue>
        <enumvalue id="group__ERROR__FILE_1ggaeda9680c6d7a2340a2fd22ab6302b2b9a6acecc9e658a0e4d5c0d26dc556c2e88" prot="public">
          <name>PIN_ERR_VERSION_SKEW</name>
          <briefdescription>
          </briefdescription>
          <detaileddescription>
<para>0 args. pintool version does not match pin version. </para>
          </detaileddescription>
        </enumvalue>
        <enumvalue id="group__ERROR__FILE_1ggaeda9680c6d7a2340a2fd22ab6302b2b9a4c5af8376d0eb40f64db4ab9f463b435" prot="public">
          <name>PIN_ERR_MS_DOS</name>
          <briefdescription>
          </briefdescription>
          <detaileddescription>
<para>0 args. ms-dos &amp; win16 application are not supported. </para>
          </detaileddescription>
        </enumvalue>
        <enumvalue id="group__ERROR__FILE_1ggaeda9680c6d7a2340a2fd22ab6302b2b9ac793921c2029fa5d2437878be3894228" prot="public">
          <name>PIN_ERR_LONG_PATH</name>
          <briefdescription>
          </briefdescription>
          <detaileddescription>
<para>0 args. fully qualified pathname of pin executable is too long. </para>
          </detaileddescription>
        </enumvalue>
        <enumvalue id="group__ERROR__FILE_1ggaeda9680c6d7a2340a2fd22ab6302b2b9a0ae80730059694b1cc007a510800de97" prot="public">
          <name>PIN_ERR_CANNOT_EXECUTE_FILE</name>
          <briefdescription>
          </briefdescription>
          <detaileddescription>
<para>1 arg: filename. cannot execute application. </para>
          </detaileddescription>
        </enumvalue>
        <enumvalue id="group__ERROR__FILE_1ggaeda9680c6d7a2340a2fd22ab6302b2b9a994641a9abb61417ad5a730ee618e68f" prot="public">
          <name>PIN_ERR_BLOCKSIG_TOOL</name>
          <briefdescription>
          </briefdescription>
          <detaileddescription>
<para>1 arg: signal number. Tool intercepted signal and forwarded while application had it blocked. </para>
          </detaileddescription>
        </enumvalue>
        <enumvalue id="group__ERROR__FILE_1ggaeda9680c6d7a2340a2fd22ab6302b2b9ab78980c79b13566746eabd360151baf1" prot="public">
          <name>PIN_ERR_BLOCKSIG_APP</name>
          <briefdescription>
          </briefdescription>
          <detaileddescription>
<para>1 arg: signal number. Application received asynchronous blocked signal, which can&apos;t be emulated. </para>
          </detaileddescription>
        </enumvalue>
        <enumvalue id="group__ERROR__FILE_1ggaeda9680c6d7a2340a2fd22ab6302b2b9a3779de30efc0bee87af0cc890d20b6cc" prot="public">
          <name>PIN_ERR_USER_SPECIFIED_ERROR</name>
          <briefdescription>
          </briefdescription>
          <detaileddescription>
<para>reserved. internal use only </para>
          </detaileddescription>
        </enumvalue>
        <enumvalue id="group__ERROR__FILE_1ggaeda9680c6d7a2340a2fd22ab6302b2b9a74b6a9f15ca21ea3c84af2351835070f" prot="public">
          <name>PIN_ERR_OUT_OF_MEMORY</name>
          <briefdescription>
          </briefdescription>
          <detaileddescription>
<para>0 args. Pin is out of memory. </para>
          </detaileddescription>
        </enumvalue>
        <enumvalue id="group__ERROR__FILE_1ggaeda9680c6d7a2340a2fd22ab6302b2b9ad3e380a7571184491635179c23b7f18d" prot="public">
          <name>PIN_ERR_NON_NUMERIC_STRING</name>
          <briefdescription>
          </briefdescription>
          <detaileddescription>
<para>1 arg: string. Non-numeric string passed to conversion utility. </para>
          </detaileddescription>
        </enumvalue>
        <enumvalue id="group__ERROR__FILE_1ggaeda9680c6d7a2340a2fd22ab6302b2b9ae6fc3ab3e413a42513102c7fb4576d2d" prot="public">
          <name>PIN_ERR_EMPTY_STRING</name>
          <briefdescription>
          </briefdescription>
          <detaileddescription>
<para>0 args. Empty string passed to conversion utility. </para>
          </detaileddescription>
        </enumvalue>
        <enumvalue id="group__ERROR__FILE_1ggaeda9680c6d7a2340a2fd22ab6302b2b9abc6df52a43b9ee09f291553f97a4c251" prot="public">
          <name>PIN_ERR_NUMERIC_FROM_STRING</name>
          <briefdescription>
          </briefdescription>
          <detaileddescription>
<para>1 arg: string. Error in numeric to string conversion utility. </para>
          </detaileddescription>
        </enumvalue>
        <enumvalue id="group__ERROR__FILE_1ggaeda9680c6d7a2340a2fd22ab6302b2b9a4266359bfd512877e1e75c3700c938d7" prot="public">
          <name>PIN_ERR_ALREADY_ATTACHED</name>
          <briefdescription>
          </briefdescription>
          <detaileddescription>
<para>0 args. Pin is already attached to the process. </para>
          </detaileddescription>
        </enumvalue>
        <enumvalue id="group__ERROR__FILE_1ggaeda9680c6d7a2340a2fd22ab6302b2b9a8ebce9e36630cad63bd6f2e2cd745e0e" prot="public">
          <name>PIN_ERR_ILLEGAL_EXCEPTION</name>
          <briefdescription>
          </briefdescription>
          <detaileddescription>
<para>1 arg: string. Tool raised invalid exception. </para>
          </detaileddescription>
        </enumvalue>
        <enumvalue id="group__ERROR__FILE_1ggaeda9680c6d7a2340a2fd22ab6302b2b9a138c502e9a3dc3f0ba50d6af0640f776" prot="public">
          <name>PIN_ERR_EXCEPTION_NEEDS_ADDR</name>
          <briefdescription>
          </briefdescription>
          <detaileddescription>
<para>1 arg: string. Must specify access address for exception. </para>
          </detaileddescription>
        </enumvalue>
        <enumvalue id="group__ERROR__FILE_1ggaeda9680c6d7a2340a2fd22ab6302b2b9aae0e29610a94cea1c002e0de8cfdb347" prot="public">
          <name>PIN_ERR_PREDEFINED_INSTRUMENTATION_FAILED</name>
          <briefdescription>
          </briefdescription>
          <detaileddescription>
<para>1 arg: string. Specified function can not be instrumented </para>
          </detaileddescription>
        </enumvalue>
        <enumvalue id="group__ERROR__FILE_1ggaeda9680c6d7a2340a2fd22ab6302b2b9a61004f9bbe8b2d4bd311d9191999265e" prot="public">
          <name>PIN_ERR_UNSUPPORTED_SYSCALL</name>
          <briefdescription>
          </briefdescription>
          <detaileddescription>
<para>1 arg: string. System call is not supported by Pin </para>
          </detaileddescription>
        </enumvalue>
        <enumvalue id="group__ERROR__FILE_1ggaeda9680c6d7a2340a2fd22ab6302b2b9a6b25fe1319bc6896443240c694d3142a" prot="public">
          <name>PIN_ERR_ACCESS_DENIED</name>
          <briefdescription>
          </briefdescription>
          <detaileddescription>
<para>0 args. File access denied due to bad permissions </para>
          </detaileddescription>
        </enumvalue>
        <enumvalue id="group__ERROR__FILE_1ggaeda9680c6d7a2340a2fd22ab6302b2b9a36f3267067ed9c2f8731c573acb1e760" prot="public">
          <name>PIN_ERR_INVALID_SUSPEND_REQUEST</name>
          <briefdescription>
          </briefdescription>
          <detaileddescription>
<para>0 args. Attempting to suspend an internal thread </para>
          </detaileddescription>
        </enumvalue>
        <enumvalue id="group__ERROR__FILE_1ggaeda9680c6d7a2340a2fd22ab6302b2b9acc9d693926bba8acb4a03336284176b3" prot="public">
          <name>PIN_ERR_DEBUGGER</name>
          <briefdescription>
          </briefdescription>
          <detaileddescription>
<para>0 args. Error related to debugger </para>
          </detaileddescription>
        </enumvalue>
        <enumvalue id="group__ERROR__FILE_1ggaeda9680c6d7a2340a2fd22ab6302b2b9a6497965572f3c7f02b605837173beeb8" prot="public">
          <name>PIN_ERR_LAST</name>
          <briefdescription>
          </briefdescription>
          <detaileddescription>
          </detaileddescription>
        </enumvalue>
        <briefdescription>
        </briefdescription>
        <detaileddescription>
<para>Client level errors reported by Pin. </para>
        </detaileddescription>
        <inbodydescription>
        </inbodydescription>
        <location file="Source/pin/include/pin-errtype.h" line="35" column="1" bodyfile="Source/pin/include/pin-errtype.h" bodystart="34" bodyend="95"/>
      </memberdef>
      </sectiondef>
      <sectiondef kind="func">
      <memberdef kind="function" id="group__ERROR__FILE_1ga736b7ac932c906914c9710bfa5ca98f2" prot="public" static="no" const="no" explicit="no" inline="no" virt="non-virtual">
        <type>VOID</type>
        <definition>VOID PIN_WriteErrorMessage</definition>
        <argsstring>(const char *msg, INT32 type, PIN_ERR_SEVERITY_TYPE severity, INT32 num,...)</argsstring>
        <name>PIN_WriteErrorMessage</name>
        <param>
          <type>const char *</type>
          <declname>msg</declname>
        </param>
        <param>
          <type>INT32</type>
          <declname>type</declname>
        </param>
        <param>
          <type><ref refid="group__ERROR__FILE_1gaa5229e893bc3646b53b8547328305441" kindref="member">PIN_ERR_SEVERITY_TYPE</ref></type>
          <declname>severity</declname>
        </param>
        <param>
          <type>INT32</type>
          <declname>num</declname>
        </param>
        <param>
          <type>...</type>
        </param>
        <briefdescription>
        </briefdescription>
        <detaileddescription>
<para>Writes the given error message to the Pin error file. The error file name is specified using the -error_file switch.</para>
<para>This API allows tool writer to write a tool-specified error message to the Pin error file. Pin reserves the error type enums from 0-999. Pin will exit after printing a fatal message.<linebreak/>
This function can be used in any thread, including any internal thread spawned by the tool.</para>
<para><parameterlist kind="param"><parameteritem>
<parameternamelist>
<parametername>msg</parametername>
</parameternamelist>
<parameterdescription>
<para>a description of the error </para>
</parameterdescription>
</parameteritem>
<parameteritem>
<parameternamelist>
<parametername>type</parametername>
</parameternamelist>
<parameterdescription>
<para>an enum associated with the error. type &gt;= 1000. </para>
</parameterdescription>
</parameteritem>
<parameteritem>
<parameternamelist>
<parametername>severity</parametername>
</parameternamelist>
<parameterdescription>
<para>0=fatal, 1=non-fatal. </para>
</parameterdescription>
</parameteritem>
<parameteritem>
<parameternamelist>
<parametername>num</parametername>
</parameternamelist>
<parameterdescription>
<para>number of arguments following this parameter </para>
</parameterdescription>
</parameteritem>
<parameteritem>
<parameternamelist>
<parametername>...</parametername>
</parameternamelist>
<parameterdescription>
<para>arguments. must be of type &quot;char *&quot;.</para>
</parameterdescription>
</parameteritem>
</parameterlist>
<simplesect kind="par"><title>Availability:</title><para><bold>Mode:</bold> JIT, Probe<linebreak/>
<bold>O/S</bold>: Linux, Windows<linebreak/>
<bold>CPU:</bold> All.<linebreak/>
</para>
</simplesect>
</para>
        </detaileddescription>
        <inbodydescription>
        </inbodydescription>
        <location file="Source/pin/pin/pin_client.PH" line="487" column="13" declfile="Source/pin/pin/pin_client.PH" declline="487" declcolumn="13"/>
      </memberdef>
      </sectiondef>
    <briefdescription>
    </briefdescription>
    <detaileddescription>
<para>Pin errors are normally printed to the screen. Some tools prefer to take the Pin errors and create their own error message. This is important if your tool has a particular look and feel. Pin provides the -error_file option, which generates a machine-parsable error code, and supresses error being emitted to the screen.</para>
<para>The PIN_ERRTYPEs are the errors that Pin can report. The PIN_ERRTYPEs are defined in $PIN_HOME/source/include/pin-errtype.h. </para>
    </detaileddescription>
  </compounddef>
</doxygen>
