<?xml version='1.0' encoding='UTF-8' standalone='no'?>
<doxygen xmlns:xsi="http://www.w3.org/2001/XMLSchema-instance" xsi:noNamespaceSchemaLocation="compound.xsd" version="1.8.17">
  <compounddef id="pin-errtype_8h" kind="file" language="C++">
    <compoundname>pin-errtype.h</compoundname>
    <includedby refid="level__base_8H" local="yes">level_base.H</includedby>
      <sectiondef kind="enum">
      <memberdef kind="enum" id="group__ERROR__FILE_1gaa5229e893bc3646b53b8547328305441" prot="public" static="no" strong="no">
        <type></type>
        <name>PIN_ERR_SEVERITY_TYPE</name>
        <enumvalue id="group__ERROR__FILE_1ggaa5229e893bc3646b53b8547328305441a3a9ed010756ea9f06b34211f6c66fba5" prot="public">
          <name>PIN_ERR_FATAL</name>
          <briefdescription>
          </briefdescription>
          <detaileddescription>
<para>fatal error, Pin exits after printing message. </para>
          </detaileddescription>
        </enumvalue>
        <enumvalue id="group__ERROR__FILE_1ggaa5229e893bc3646b53b8547328305441a332ad1eb0ad2f1a4486ad0f4b4478f3c" prot="public">
          <name>PIN_ERR_NONFATAL</name>
          <briefdescription>
          </briefdescription>
          <detaileddescription>
<para>non-fatal error </para>
          </detaileddescription>
        </enumvalue>
        <briefdescription>
        </briefdescription>
        <detaileddescription>
<para>This file defines the Pin error types. They are used in conjunction with the Pin -error_file option.</para>
<para>Severity used by <ref refid="group__ERROR__FILE_1ga736b7ac932c906914c9710bfa5ca98f2" kindref="member">PIN_WriteErrorMessage()</ref> </para>
        </detaileddescription>
        <inbodydescription>
        </inbodydescription>
        <location file="Source/pin/include/pin-errtype.h" line="26" column="1" bodyfile="Source/pin/include/pin-errtype.h" bodystart="25" bodyend="29"/>
      </memberdef>
      <memberdef kind="enum" id="group__ERROR__FILE_1gaeda9680c6d7a2340a2fd22ab6302b2b9" prot="public" static="no" strong="no">
        <type></type>
        <name>PIN_ERRTYPE</name>
        <enumvalue id="group__ERROR__FILE_1ggaeda9680c6d7a2340a2fd22ab6302b2b9ae23249419158a25051069ad451c6b6c3" prot="public">
          <name>PIN_ERR_NONE</name>
          <initializer>= 0</initializer>
          <briefdescription>
          </briefdescription>
          <detaileddescription>
<para>0 args. no error. </para>
          </detaileddescription>
        </enumvalue>
        <enumvalue id="group__ERROR__FILE_1ggaeda9680c6d7a2340a2fd22ab6302b2b9afc15c2e29db256ad8f4e0b64bb5e9c32" prot="public">
          <name>PIN_ERR_INTERNAL</name>
          <briefdescription>
          </briefdescription>
          <detaileddescription>
<para>0 args. internal pin error has occurred. </para>
          </detaileddescription>
        </enumvalue>
        <enumvalue id="group__ERROR__FILE_1ggaeda9680c6d7a2340a2fd22ab6302b2b9a592e8b0bba9097f7ac303101a570ad64" prot="public">
          <name>PIN_ERR_ASSERT</name>
          <briefdescription>
          </briefdescription>
          <detaileddescription>
<para>0 args. internal pin assertion has occurred. </para>
          </detaileddescription>
        </enumvalue>
        <enumvalue id="group__ERROR__FILE_1ggaeda9680c6d7a2340a2fd22ab6302b2b9a4a1c3ea337917024efd0ee448e70dde8" prot="public">
          <name>PIN_ERR_TOOL</name>
          <briefdescription>
          </briefdescription>
          <detaileddescription>
<para>0 args. tool error has been detected. </para>
          </detaileddescription>
        </enumvalue>
        <enumvalue id="group__ERROR__FILE_1ggaeda9680c6d7a2340a2fd22ab6302b2b9a92abab72b33b6190ff2461166762bfef" prot="public">
          <name>PIN_ERR_CMD_LINE</name>
          <briefdescription>
          </briefdescription>
          <detaileddescription>
<para>0 args. tool arguments are incorrect. </para>
          </detaileddescription>
        </enumvalue>
        <enumvalue id="group__ERROR__FILE_1ggaeda9680c6d7a2340a2fd22ab6302b2b9ab13744c77fbe5c2edadbf55d83383c6c" prot="public">
          <name>PIN_ERR_PARSING</name>
          <briefdescription>
          </briefdescription>
          <detaileddescription>
<para>0 args. command line arguments are incorrect. </para>
          </detaileddescription>
        </enumvalue>
        <enumvalue id="group__ERROR__FILE_1ggaeda9680c6d7a2340a2fd22ab6302b2b9adc823fa50f0f1af2d5f56310744a3415" prot="public">
          <name>PIN_ERR_NO_APP</name>
          <briefdescription>
          </briefdescription>
          <detaileddescription>
<para>0 args. missing application name. </para>
          </detaileddescription>
        </enumvalue>
        <enumvalue id="group__ERROR__FILE_1ggaeda9680c6d7a2340a2fd22ab6302b2b9a8a715088f5cc09212bacf749906c8691" prot="public">
          <name>PIN_ERR_INVALID_PLOAD</name>
          <briefdescription>
          </briefdescription>
          <detaileddescription>
<para>0 args. invalid pload argument. </para>
          </detaileddescription>
        </enumvalue>
        <enumvalue id="group__ERROR__FILE_1ggaeda9680c6d7a2340a2fd22ab6302b2b9adeddad4145c2f41bfc268a079a958c8b" prot="public">
          <name>PIN_ERR_FILE_NOT_FOUND</name>
          <briefdescription>
          </briefdescription>
          <detaileddescription>
<para>1 arg: file name. error in application file name or path. </para>
          </detaileddescription>
        </enumvalue>
        <enumvalue id="group__ERROR__FILE_1ggaeda9680c6d7a2340a2fd22ab6302b2b9a610cb5bc944d945894a0cfb95a08ddbc" prot="public">
          <name>PIN_ERR_ELF_HEADER</name>
          <briefdescription>
          </briefdescription>
          <detaileddescription>
<para>1 arg: file name. unable to read elf header of &quot;filename&quot;. <linebreak/>
 </para>
          </detaileddescription>
        </enumvalue>
        <enumvalue id="group__ERROR__FILE_1ggaeda9680c6d7a2340a2fd22ab6302b2b9af052e4217f8ee6fa7b12c9d9e3cb92a9" prot="public">
          <name>PIN_ERR_NO_PIE</name>
          <briefdescription>
          </briefdescription>
          <detaileddescription>
<para>1 arg: file name. pie binaries not supported on this system. <linebreak/>
 </para>
          </detaileddescription>
        </enumvalue>
        <enumvalue id="group__ERROR__FILE_1ggaeda9680c6d7a2340a2fd22ab6302b2b9a16fdde4caf057cbf682393633ed02fce" prot="public">
          <name>PIN_ERR_NO_ENTRY_OFFSET</name>
          <briefdescription>
          </briefdescription>
          <detaileddescription>
<para>1 arg: file name. no entry in aux vector. </para>
          </detaileddescription>
        </enumvalue>
        <enumvalue id="group__ERROR__FILE_1ggaeda9680c6d7a2340a2fd22ab6302b2b9a5a7606316343e42702dafe8160c7c1cf" prot="public">
          <name>PIN_ERR_INVALID_ADDRESS</name>
          <briefdescription>
          </briefdescription>
          <detaileddescription>
<para>1 arg: address. &quot;address&quot; is invalid. </para>
          </detaileddescription>
        </enumvalue>
        <enumvalue id="group__ERROR__FILE_1ggaeda9680c6d7a2340a2fd22ab6302b2b9afe8d264b96aed6f5f270603aa978977e" prot="public">
          <name>PIN_ERR_INVALID_ADDRESS_RANGE</name>
          <briefdescription>
          </briefdescription>
          <detaileddescription>
<para>2 args: low address, high address. address range is invalid. </para>
          </detaileddescription>
        </enumvalue>
        <enumvalue id="group__ERROR__FILE_1ggaeda9680c6d7a2340a2fd22ab6302b2b9a67dbe3b3bcfe808f0da46822f217d232" prot="public">
          <name>PIN_ERR_CANNOT_LOAD_TOOL</name>
          <briefdescription>
          </briefdescription>
          <detaileddescription>
<para>1 arg: tool name. pin cannot load &quot;tool&quot;. </para>
          </detaileddescription>
        </enumvalue>
        <enumvalue id="group__ERROR__FILE_1ggaeda9680c6d7a2340a2fd22ab6302b2b9ae61b4363c81410f881294dfde1ef7ab5" prot="public">
          <name>PIN_ERR_PIN_INJECTION</name>
          <briefdescription>
          </briefdescription>
          <detaileddescription>
<para>0 arg: can&apos;t inject pin in running process. </para>
          </detaileddescription>
        </enumvalue>
        <enumvalue id="group__ERROR__FILE_1ggaeda9680c6d7a2340a2fd22ab6302b2b9aa35c09c1e77601bddbadefaf954af7fc" prot="public">
          <name>PIN_ERR_WAIT_FOR_INJECTOR</name>
          <briefdescription>
          </briefdescription>
          <detaileddescription>
<para>2 args: pid, errno. injector &quot;pid&quot; failed to exit. </para>
          </detaileddescription>
        </enumvalue>
        <enumvalue id="group__ERROR__FILE_1ggaeda9680c6d7a2340a2fd22ab6302b2b9abaf114893bba734cb889887dafe05dbf" prot="public">
          <name>PIN_ERR_BAD_OS_FILE</name>
          <briefdescription>
          </briefdescription>
          <detaileddescription>
<para>0 args. cannot determine os release. </para>
          </detaileddescription>
        </enumvalue>
        <enumvalue id="group__ERROR__FILE_1ggaeda9680c6d7a2340a2fd22ab6302b2b9a6544853c7cbcbc37adbafee819cb508b" prot="public">
          <name>PIN_ERR_UNSUPPORTED_OS</name>
          <briefdescription>
          </briefdescription>
          <detaileddescription>
<para>0 args. unsupported os. </para>
          </detaileddescription>
        </enumvalue>
        <enumvalue id="group__ERROR__FILE_1ggaeda9680c6d7a2340a2fd22ab6302b2b9a2ecdad35ad2265a3c080656dad2683e2" prot="public">
          <name>PIN_ERR_BIN32</name>
          <briefdescription>
          </briefdescription>
          <detaileddescription>
<para>0 args. 32-bit binary detected. </para>
          </detaileddescription>
        </enumvalue>
        <enumvalue id="group__ERROR__FILE_1ggaeda9680c6d7a2340a2fd22ab6302b2b9aba5c2b23d6d7b7ced8ba8bbf63cf36db" prot="public">
          <name>PIN_ERR_BIN64</name>
          <briefdescription>
          </briefdescription>
          <detaileddescription>
<para>0 args. 64-bit binary detected. </para>
          </detaileddescription>
        </enumvalue>
        <enumvalue id="group__ERROR__FILE_1ggaeda9680c6d7a2340a2fd22ab6302b2b9a52a139ca1256f4d394d3a99605ed268e" prot="public">
          <name>PIN_ERR_CANNOT_RUN</name>
          <briefdescription>
          </briefdescription>
          <detaileddescription>
<para>1 arg: errno. error in running pin. </para>
          </detaileddescription>
        </enumvalue>
        <enumvalue id="group__ERROR__FILE_1ggaeda9680c6d7a2340a2fd22ab6302b2b9a0b1450bdd2c0669f82dd077d6fdbc916" prot="public">
          <name>PIN_ERR_ATTACH_PID</name>
          <briefdescription>
          </briefdescription>
          <detaileddescription>
<para>2 arg: pid, errno. attach to &quot;pid&quot; failed. </para>
          </detaileddescription>
        </enumvalue>
        <enumvalue id="group__ERROR__FILE_1ggaeda9680c6d7a2340a2fd22ab6302b2b9a06fb114c64ee8b6e0ea0925da63c290e" prot="public">
          <name>PIN_ERR_ATTACH_NYI</name>
          <briefdescription>
          </briefdescription>
          <detaileddescription>
<para>0 arg: attach to running process is NYI for Pin/Windows in JIT mode. </para>
          </detaileddescription>
        </enumvalue>
        <enumvalue id="group__ERROR__FILE_1ggaeda9680c6d7a2340a2fd22ab6302b2b9a96fb2bd21e6266b43ac3993c42289c61" prot="public">
          <name>PIN_ERR_ATTACH_REJECTED</name>
          <briefdescription>
          </briefdescription>
          <detaileddescription>
<para>0 arg: ptrace attach rejected. </para>
          </detaileddescription>
        </enumvalue>
        <enumvalue id="group__ERROR__FILE_1ggaeda9680c6d7a2340a2fd22ab6302b2b9ab75b40709d0351b9612b69c7663d1af4" prot="public">
          <name>PIN_ERR_ATTACH_PTRACE_SCOPE_1</name>
          <briefdescription>
          </briefdescription>
          <detaileddescription>
<para>1 arg: pid, ptrace attach rejected due to sysctl kernel.yama.ptrace_scope. </para>
          </detaileddescription>
        </enumvalue>
        <enumvalue id="group__ERROR__FILE_1ggaeda9680c6d7a2340a2fd22ab6302b2b9a9edc8f11e078b58222de1d244f688e91" prot="public">
          <name>PIN_ERR_DETACH_PID</name>
          <briefdescription>
          </briefdescription>
          <detaileddescription>
<para>2 arg: pid, errno. detach failed. </para>
          </detaileddescription>
        </enumvalue>
        <enumvalue id="group__ERROR__FILE_1ggaeda9680c6d7a2340a2fd22ab6302b2b9a5ce293f912d0a0eda6ae7b2a7f953b61" prot="public">
          <name>PIN_ERR_WAIT_PID</name>
          <briefdescription>
          </briefdescription>
          <detaileddescription>
<para>2 arg: pid, errno. wait for child failed. </para>
          </detaileddescription>
        </enumvalue>
        <enumvalue id="group__ERROR__FILE_1ggaeda9680c6d7a2340a2fd22ab6302b2b9a91aff46b1629b329f0b1f9e4aa689a57" prot="public">
          <name>PIN_ERR_STEP_PID</name>
          <briefdescription>
          </briefdescription>
          <detaileddescription>
<para>2 arg: pid, errno. single step failed. </para>
          </detaileddescription>
        </enumvalue>
        <enumvalue id="group__ERROR__FILE_1ggaeda9680c6d7a2340a2fd22ab6302b2b9a9fab7dc21e403a57c9997df99e821b7e" prot="public">
          <name>PIN_ERR_WAIT_EXECV</name>
          <briefdescription>
          </briefdescription>
          <detaileddescription>
<para>1 arg: errno. wait after execv failed. </para>
          </detaileddescription>
        </enumvalue>
        <enumvalue id="group__ERROR__FILE_1ggaeda9680c6d7a2340a2fd22ab6302b2b9aa8698cd0773309ddac50d3921b9f18df" prot="public">
          <name>PIN_ERR_APP_RESUME</name>
          <briefdescription>
          </briefdescription>
          <detaileddescription>
<para>1 arg: errno. resuming application failed. </para>
          </detaileddescription>
        </enumvalue>
        <enumvalue id="group__ERROR__FILE_1ggaeda9680c6d7a2340a2fd22ab6302b2b9a55674b832d172a6a8bc10b49cbe3d8be" prot="public">
          <name>PIN_ERR_NO_INSTRUMENT</name>
          <briefdescription>
          </briefdescription>
          <detaileddescription>
<para>2 args: file name, errno. could not instrument process. </para>
          </detaileddescription>
        </enumvalue>
        <enumvalue id="group__ERROR__FILE_1ggaeda9680c6d7a2340a2fd22ab6302b2b9a45967f15d3f5919a4b2f497b313cc562" prot="public">
          <name>PIN_ERR_CHILD_PTRACEME</name>
          <briefdescription>
          </briefdescription>
          <detaileddescription>
<para>1 arg: errno. parent cannot trace the child. </para>
          </detaileddescription>
        </enumvalue>
        <enumvalue id="group__ERROR__FILE_1ggaeda9680c6d7a2340a2fd22ab6302b2b9ae748d8c383349278a02edb6d3a68dfc1" prot="public">
          <name>PIN_ERR_CHILD_RESUME</name>
          <briefdescription>
          </briefdescription>
          <detaileddescription>
<para>1 arg: errno. resuming child failed. </para>
          </detaileddescription>
        </enumvalue>
        <enumvalue id="group__ERROR__FILE_1ggaeda9680c6d7a2340a2fd22ab6302b2b9ad0c8f9cee6534da5ac96662547cc43a5" prot="public">
          <name>PIN_ERR_RELINK_APP</name>
          <briefdescription>
          </briefdescription>
          <detaileddescription>
<para>0 args: application address overlaps with pin, relink. </para>
          </detaileddescription>
        </enumvalue>
        <enumvalue id="group__ERROR__FILE_1ggaeda9680c6d7a2340a2fd22ab6302b2b9ac46a5e724123ff99f19c3e1a581fc41e" prot="public">
          <name>PIN_ERR_KNOB_BAD</name>
          <briefdescription>
          </briefdescription>
          <detaileddescription>
<para>1 arg: knob. unknown &quot;knob&quot; on command line. </para>
          </detaileddescription>
        </enumvalue>
        <enumvalue id="group__ERROR__FILE_1ggaeda9680c6d7a2340a2fd22ab6302b2b9a21da2aed13d9167142bdf21c56b4e99a" prot="public">
          <name>PIN_ERR_NO_RELOCS</name>
          <briefdescription>
          </briefdescription>
          <detaileddescription>
<para>0 args. regular relocations not found, relink with -q. <linebreak/>
 </para>
          </detaileddescription>
        </enumvalue>
        <enumvalue id="group__ERROR__FILE_1ggaeda9680c6d7a2340a2fd22ab6302b2b9a6acecc9e658a0e4d5c0d26dc556c2e88" prot="public">
          <name>PIN_ERR_VERSION_SKEW</name>
          <briefdescription>
          </briefdescription>
          <detaileddescription>
<para>0 args. pintool version does not match pin version. </para>
          </detaileddescription>
        </enumvalue>
        <enumvalue id="group__ERROR__FILE_1ggaeda9680c6d7a2340a2fd22ab6302b2b9a4c5af8376d0eb40f64db4ab9f463b435" prot="public">
          <name>PIN_ERR_MS_DOS</name>
          <briefdescription>
          </briefdescription>
          <detaileddescription>
<para>0 args. ms-dos &amp; win16 application are not supported. </para>
          </detaileddescription>
        </enumvalue>
        <enumvalue id="group__ERROR__FILE_1ggaeda9680c6d7a2340a2fd22ab6302b2b9ac793921c2029fa5d2437878be3894228" prot="public">
          <name>PIN_ERR_LONG_PATH</name>
          <briefdescription>
          </briefdescription>
          <detaileddescription>
<para>0 args. fully qualified pathname of pin executable is too long. </para>
          </detaileddescription>
        </enumvalue>
        <enumvalue id="group__ERROR__FILE_1ggaeda9680c6d7a2340a2fd22ab6302b2b9a0ae80730059694b1cc007a510800de97" prot="public">
          <name>PIN_ERR_CANNOT_EXECUTE_FILE</name>
          <briefdescription>
          </briefdescription>
          <detaileddescription>
<para>1 arg: filename. cannot execute application. </para>
          </detaileddescription>
        </enumvalue>
        <enumvalue id="group__ERROR__FILE_1ggaeda9680c6d7a2340a2fd22ab6302b2b9a994641a9abb61417ad5a730ee618e68f" prot="public">
          <name>PIN_ERR_BLOCKSIG_TOOL</name>
          <briefdescription>
          </briefdescription>
          <detaileddescription>
<para>1 arg: signal number. Tool intercepted signal and forwarded while application had it blocked. </para>
          </detaileddescription>
        </enumvalue>
        <enumvalue id="group__ERROR__FILE_1ggaeda9680c6d7a2340a2fd22ab6302b2b9ab78980c79b13566746eabd360151baf1" prot="public">
          <name>PIN_ERR_BLOCKSIG_APP</name>
          <briefdescription>
          </briefdescription>
          <detaileddescription>
<para>1 arg: signal number. Application received asynchronous blocked signal, which can&apos;t be emulated. </para>
          </detaileddescription>
        </enumvalue>
        <enumvalue id="group__ERROR__FILE_1ggaeda9680c6d7a2340a2fd22ab6302b2b9a3779de30efc0bee87af0cc890d20b6cc" prot="public">
          <name>PIN_ERR_USER_SPECIFIED_ERROR</name>
          <briefdescription>
          </briefdescription>
          <detaileddescription>
<para>reserved. internal use only </para>
          </detaileddescription>
        </enumvalue>
        <enumvalue id="group__ERROR__FILE_1ggaeda9680c6d7a2340a2fd22ab6302b2b9a74b6a9f15ca21ea3c84af2351835070f" prot="public">
          <name>PIN_ERR_OUT_OF_MEMORY</name>
          <briefdescription>
          </briefdescription>
          <detaileddescription>
<para>0 args. Pin is out of memory. </para>
          </detaileddescription>
        </enumvalue>
        <enumvalue id="group__ERROR__FILE_1ggaeda9680c6d7a2340a2fd22ab6302b2b9ad3e380a7571184491635179c23b7f18d" prot="public">
          <name>PIN_ERR_NON_NUMERIC_STRING</name>
          <briefdescription>
          </briefdescription>
          <detaileddescription>
<para>1 arg: string. Non-numeric string passed to conversion utility. </para>
          </detaileddescription>
        </enumvalue>
        <enumvalue id="group__ERROR__FILE_1ggaeda9680c6d7a2340a2fd22ab6302b2b9ae6fc3ab3e413a42513102c7fb4576d2d" prot="public">
          <name>PIN_ERR_EMPTY_STRING</name>
          <briefdescription>
          </briefdescription>
          <detaileddescription>
<para>0 args. Empty string passed to conversion utility. </para>
          </detaileddescription>
        </enumvalue>
        <enumvalue id="group__ERROR__FILE_1ggaeda9680c6d7a2340a2fd22ab6302b2b9abc6df52a43b9ee09f291553f97a4c251" prot="public">
          <name>PIN_ERR_NUMERIC_FROM_STRING</name>
          <briefdescription>
          </briefdescription>
          <detaileddescription>
<para>1 arg: string. Error in numeric to string conversion utility. </para>
          </detaileddescription>
        </enumvalue>
        <enumvalue id="group__ERROR__FILE_1ggaeda9680c6d7a2340a2fd22ab6302b2b9a4266359bfd512877e1e75c3700c938d7" prot="public">
          <name>PIN_ERR_ALREADY_ATTACHED</name>
          <briefdescription>
          </briefdescription>
          <detaileddescription>
<para>0 args. Pin is already attached to the process. </para>
          </detaileddescription>
        </enumvalue>
        <enumvalue id="group__ERROR__FILE_1ggaeda9680c6d7a2340a2fd22ab6302b2b9a8ebce9e36630cad63bd6f2e2cd745e0e" prot="public">
          <name>PIN_ERR_ILLEGAL_EXCEPTION</name>
          <briefdescription>
          </briefdescription>
          <detaileddescription>
<para>1 arg: string. Tool raised invalid exception. </para>
          </detaileddescription>
        </enumvalue>
        <enumvalue id="group__ERROR__FILE_1ggaeda9680c6d7a2340a2fd22ab6302b2b9a138c502e9a3dc3f0ba50d6af0640f776" prot="public">
          <name>PIN_ERR_EXCEPTION_NEEDS_ADDR</name>
          <briefdescription>
          </briefdescription>
          <detaileddescription>
<para>1 arg: string. Must specify access address for exception. </para>
          </detaileddescription>
        </enumvalue>
        <enumvalue id="group__ERROR__FILE_1ggaeda9680c6d7a2340a2fd22ab6302b2b9aae0e29610a94cea1c002e0de8cfdb347" prot="public">
          <name>PIN_ERR_PREDEFINED_INSTRUMENTATION_FAILED</name>
          <briefdescription>
          </briefdescription>
          <detaileddescription>
<para>1 arg: string. Specified function can not be instrumented </para>
          </detaileddescription>
        </enumvalue>
        <enumvalue id="group__ERROR__FILE_1ggaeda9680c6d7a2340a2fd22ab6302b2b9a61004f9bbe8b2d4bd311d9191999265e" prot="public">
          <name>PIN_ERR_UNSUPPORTED_SYSCALL</name>
          <briefdescription>
          </briefdescription>
          <detaileddescription>
<para>1 arg: string. System call is not supported by Pin </para>
          </detaileddescription>
        </enumvalue>
        <enumvalue id="group__ERROR__FILE_1ggaeda9680c6d7a2340a2fd22ab6302b2b9a6b25fe1319bc6896443240c694d3142a" prot="public">
          <name>PIN_ERR_ACCESS_DENIED</name>
          <briefdescription>
          </briefdescription>
          <detaileddescription>
<para>0 args. File access denied due to bad permissions </para>
          </detaileddescription>
        </enumvalue>
        <enumvalue id="group__ERROR__FILE_1ggaeda9680c6d7a2340a2fd22ab6302b2b9a36f3267067ed9c2f8731c573acb1e760" prot="public">
          <name>PIN_ERR_INVALID_SUSPEND_REQUEST</name>
          <briefdescription>
          </briefdescription>
          <detaileddescription>
<para>0 args. Attempting to suspend an internal thread </para>
          </detaileddescription>
        </enumvalue>
        <enumvalue id="group__ERROR__FILE_1ggaeda9680c6d7a2340a2fd22ab6302b2b9acc9d693926bba8acb4a03336284176b3" prot="public">
          <name>PIN_ERR_DEBUGGER</name>
          <briefdescription>
          </briefdescription>
          <detaileddescription>
<para>0 args. Error related to debugger </para>
          </detaileddescription>
        </enumvalue>
        <enumvalue id="group__ERROR__FILE_1ggaeda9680c6d7a2340a2fd22ab6302b2b9a6497965572f3c7f02b605837173beeb8" prot="public">
          <name>PIN_ERR_LAST</name>
          <briefdescription>
          </briefdescription>
          <detaileddescription>
          </detaileddescription>
        </enumvalue>
        <briefdescription>
        </briefdescription>
        <detaileddescription>
<para>Client level errors reported by Pin. </para>
        </detaileddescription>
        <inbodydescription>
        </inbodydescription>
        <location file="Source/pin/include/pin-errtype.h" line="35" column="1" bodyfile="Source/pin/include/pin-errtype.h" bodystart="34" bodyend="95"/>
      </memberdef>
      </sectiondef>
    <briefdescription>
    </briefdescription>
    <detaileddescription>
    </detaileddescription>
    <programlisting>
<codeline lineno="1"><highlight class="comment">/*</highlight></codeline>
<codeline lineno="2"><highlight class="comment"><sp/>*<sp/>Copyright<sp/>(C)<sp/>2008-2021<sp/>Intel<sp/>Corporation.</highlight></codeline>
<codeline lineno="3"><highlight class="comment"><sp/>*<sp/>SPDX-License-Identifier:<sp/>MIT</highlight></codeline>
<codeline lineno="4"><highlight class="comment"><sp/>*/</highlight><highlight class="normal"></highlight></codeline>
<codeline lineno="5"><highlight class="normal"></highlight></codeline>
<codeline lineno="13"><highlight class="preprocessor">#ifndef<sp/>PIN_ERRTYPE_H</highlight><highlight class="normal"></highlight></codeline>
<codeline lineno="14"><highlight class="normal"></highlight><highlight class="preprocessor">#define<sp/>PIN_ERRTYPE_H</highlight><highlight class="normal"></highlight></codeline>
<codeline lineno="15"><highlight class="normal"></highlight></codeline>
<codeline lineno="16"><highlight class="normal"></highlight><highlight class="comment">/*<sp/>ADD<sp/>NEW<sp/>ERROR<sp/>TYPES<sp/>AT<sp/>THE<sp/>END<sp/>(right<sp/>before<sp/>PIN_ERR_LAST)!!!</highlight></codeline>
<codeline lineno="17"><highlight class="comment"><sp/>*<sp/>Descriptions<sp/>on<sp/>the<sp/>right<sp/>hand<sp/>side<sp/>appear<sp/>in<sp/>the<sp/>User&apos;s<sp/>Guide.</highlight></codeline>
<codeline lineno="18"><highlight class="comment"><sp/>*<sp/>Please<sp/>document<sp/>all<sp/>PIN_ERRTYPEs.</highlight></codeline>
<codeline lineno="19"><highlight class="comment"><sp/>*<sp/>For<sp/>each<sp/>addition/removal<sp/>of<sp/>an<sp/>error,<sp/>please<sp/>update<sp/>the<sp/>array<sp/>&quot;PinErrorDescriptors&quot;<sp/>in<sp/>&quot;errtype.cpp&quot;.</highlight></codeline>
<codeline lineno="20"><highlight class="comment"><sp/>*/</highlight><highlight class="normal"></highlight></codeline>
<codeline lineno="21"><highlight class="normal"></highlight></codeline>
<codeline lineno="25"><highlight class="keyword">typedef</highlight><highlight class="normal"><sp/></highlight><highlight class="keyword">enum</highlight><highlight class="normal"></highlight></codeline>
<codeline lineno="26"><highlight class="normal">{</highlight></codeline>
<codeline lineno="27"><highlight class="normal"><sp/><sp/><sp/><sp/><ref refid="group__ERROR__FILE_1ggaa5229e893bc3646b53b8547328305441a3a9ed010756ea9f06b34211f6c66fba5" kindref="member">PIN_ERR_FATAL</ref>,<sp/><sp/><sp/></highlight></codeline>
<codeline lineno="28"><highlight class="normal"><sp/><sp/><sp/><sp/><ref refid="group__ERROR__FILE_1ggaa5229e893bc3646b53b8547328305441a332ad1eb0ad2f1a4486ad0f4b4478f3c" kindref="member">PIN_ERR_NONFATAL</ref><sp/></highlight></codeline>
<codeline lineno="29"><highlight class="normal">}<sp/><ref refid="group__ERROR__FILE_1gaa5229e893bc3646b53b8547328305441" kindref="member">PIN_ERR_SEVERITY_TYPE</ref>;</highlight></codeline>
<codeline lineno="30"><highlight class="normal"></highlight></codeline>
<codeline lineno="34"><highlight class="keyword">typedef</highlight><highlight class="normal"><sp/></highlight><highlight class="keyword">enum</highlight><highlight class="normal"></highlight></codeline>
<codeline lineno="35"><highlight class="normal">{</highlight></codeline>
<codeline lineno="36"><highlight class="normal"><sp/><sp/><sp/><sp/><ref refid="group__ERROR__FILE_1ggaeda9680c6d7a2340a2fd22ab6302b2b9ae23249419158a25051069ad451c6b6c3" kindref="member">PIN_ERR_NONE</ref><sp/>=<sp/>0,<sp/><sp/><sp/><sp/><sp/><sp/><sp/><sp/><sp/><sp/><sp/><sp/><sp/><sp/><sp/><sp/><sp/><sp/><sp/><sp/><sp/><sp/><sp/><sp/><sp/><sp/></highlight></codeline>
<codeline lineno="37"><highlight class="normal"><sp/><sp/><sp/><sp/><ref refid="group__ERROR__FILE_1ggaeda9680c6d7a2340a2fd22ab6302b2b9afc15c2e29db256ad8f4e0b64bb5e9c32" kindref="member">PIN_ERR_INTERNAL</ref>,<sp/><sp/><sp/><sp/><sp/><sp/><sp/><sp/><sp/><sp/><sp/><sp/><sp/><sp/><sp/><sp/><sp/><sp/><sp/><sp/><sp/><sp/><sp/><sp/><sp/><sp/></highlight></codeline>
<codeline lineno="38"><highlight class="normal"><sp/><sp/><sp/><sp/><ref refid="group__ERROR__FILE_1ggaeda9680c6d7a2340a2fd22ab6302b2b9a592e8b0bba9097f7ac303101a570ad64" kindref="member">PIN_ERR_ASSERT</ref>,<sp/><sp/><sp/><sp/><sp/><sp/><sp/><sp/><sp/><sp/><sp/><sp/><sp/><sp/><sp/><sp/><sp/><sp/><sp/><sp/><sp/><sp/><sp/><sp/><sp/><sp/><sp/><sp/></highlight></codeline>
<codeline lineno="39"><highlight class="normal"><sp/><sp/><sp/><sp/><ref refid="group__ERROR__FILE_1ggaeda9680c6d7a2340a2fd22ab6302b2b9a4a1c3ea337917024efd0ee448e70dde8" kindref="member">PIN_ERR_TOOL</ref>,<sp/><sp/><sp/><sp/><sp/><sp/><sp/><sp/><sp/><sp/><sp/><sp/><sp/><sp/><sp/><sp/><sp/><sp/><sp/><sp/><sp/><sp/><sp/><sp/><sp/><sp/><sp/><sp/><sp/><sp/></highlight></codeline>
<codeline lineno="40"><highlight class="normal"><sp/><sp/><sp/><sp/><ref refid="group__ERROR__FILE_1ggaeda9680c6d7a2340a2fd22ab6302b2b9a92abab72b33b6190ff2461166762bfef" kindref="member">PIN_ERR_CMD_LINE</ref>,<sp/><sp/><sp/><sp/><sp/><sp/><sp/><sp/><sp/><sp/><sp/><sp/><sp/><sp/><sp/><sp/><sp/><sp/><sp/><sp/><sp/><sp/><sp/><sp/><sp/><sp/></highlight></codeline>
<codeline lineno="41"><highlight class="normal"><sp/><sp/><sp/><sp/><ref refid="group__ERROR__FILE_1ggaeda9680c6d7a2340a2fd22ab6302b2b9ab13744c77fbe5c2edadbf55d83383c6c" kindref="member">PIN_ERR_PARSING</ref>,<sp/><sp/><sp/><sp/><sp/><sp/><sp/><sp/><sp/><sp/><sp/><sp/><sp/><sp/><sp/><sp/><sp/><sp/><sp/><sp/><sp/><sp/><sp/><sp/><sp/><sp/><sp/></highlight></codeline>
<codeline lineno="42"><highlight class="normal"><sp/><sp/><sp/><sp/><ref refid="group__ERROR__FILE_1ggaeda9680c6d7a2340a2fd22ab6302b2b9adc823fa50f0f1af2d5f56310744a3415" kindref="member">PIN_ERR_NO_APP</ref>,<sp/><sp/><sp/><sp/><sp/><sp/><sp/><sp/><sp/><sp/><sp/><sp/><sp/><sp/><sp/><sp/><sp/><sp/><sp/><sp/><sp/><sp/><sp/><sp/><sp/><sp/><sp/><sp/></highlight></codeline>
<codeline lineno="43"><highlight class="normal"><sp/><sp/><sp/><sp/><ref refid="group__ERROR__FILE_1ggaeda9680c6d7a2340a2fd22ab6302b2b9a8a715088f5cc09212bacf749906c8691" kindref="member">PIN_ERR_INVALID_PLOAD</ref>,<sp/><sp/><sp/><sp/><sp/><sp/><sp/><sp/><sp/><sp/><sp/><sp/><sp/><sp/><sp/><sp/><sp/><sp/><sp/><sp/><sp/></highlight></codeline>
<codeline lineno="44"><highlight class="normal"><sp/><sp/><sp/><sp/><ref refid="group__ERROR__FILE_1ggaeda9680c6d7a2340a2fd22ab6302b2b9adeddad4145c2f41bfc268a079a958c8b" kindref="member">PIN_ERR_FILE_NOT_FOUND</ref>,<sp/><sp/><sp/><sp/><sp/><sp/><sp/><sp/><sp/><sp/><sp/><sp/><sp/><sp/><sp/><sp/><sp/><sp/><sp/><sp/></highlight></codeline>
<codeline lineno="45"><highlight class="normal"><sp/><sp/><sp/><sp/><ref refid="group__ERROR__FILE_1ggaeda9680c6d7a2340a2fd22ab6302b2b9a610cb5bc944d945894a0cfb95a08ddbc" kindref="member">PIN_ERR_ELF_HEADER</ref>,<sp/><sp/><sp/><sp/><sp/><sp/><sp/><sp/><sp/><sp/><sp/><sp/><sp/><sp/><sp/><sp/><sp/><sp/><sp/><sp/><sp/><sp/><sp/><sp/></highlight></codeline>
<codeline lineno="46"><highlight class="normal"><sp/><sp/><sp/><sp/><ref refid="group__ERROR__FILE_1ggaeda9680c6d7a2340a2fd22ab6302b2b9af052e4217f8ee6fa7b12c9d9e3cb92a9" kindref="member">PIN_ERR_NO_PIE</ref>,<sp/><sp/><sp/><sp/><sp/><sp/><sp/><sp/><sp/><sp/><sp/><sp/><sp/><sp/><sp/><sp/><sp/><sp/><sp/><sp/><sp/><sp/><sp/><sp/><sp/><sp/><sp/><sp/></highlight></codeline>
<codeline lineno="47"><highlight class="normal"><sp/><sp/><sp/><sp/><ref refid="group__ERROR__FILE_1ggaeda9680c6d7a2340a2fd22ab6302b2b9a16fdde4caf057cbf682393633ed02fce" kindref="member">PIN_ERR_NO_ENTRY_OFFSET</ref>,<sp/><sp/><sp/><sp/><sp/><sp/><sp/><sp/><sp/><sp/><sp/><sp/><sp/><sp/><sp/><sp/><sp/><sp/><sp/></highlight></codeline>
<codeline lineno="48"><highlight class="normal"><sp/><sp/><sp/><sp/><ref refid="group__ERROR__FILE_1ggaeda9680c6d7a2340a2fd22ab6302b2b9a5a7606316343e42702dafe8160c7c1cf" kindref="member">PIN_ERR_INVALID_ADDRESS</ref>,<sp/><sp/><sp/><sp/><sp/><sp/><sp/><sp/><sp/><sp/><sp/><sp/><sp/><sp/><sp/><sp/><sp/><sp/><sp/></highlight></codeline>
<codeline lineno="49"><highlight class="normal"><sp/><sp/><sp/><sp/><ref refid="group__ERROR__FILE_1ggaeda9680c6d7a2340a2fd22ab6302b2b9afe8d264b96aed6f5f270603aa978977e" kindref="member">PIN_ERR_INVALID_ADDRESS_RANGE</ref>,<sp/><sp/><sp/><sp/><sp/><sp/><sp/><sp/><sp/><sp/><sp/><sp/><sp/></highlight></codeline>
<codeline lineno="50"><highlight class="normal"><sp/><sp/><sp/><sp/><ref refid="group__ERROR__FILE_1ggaeda9680c6d7a2340a2fd22ab6302b2b9a67dbe3b3bcfe808f0da46822f217d232" kindref="member">PIN_ERR_CANNOT_LOAD_TOOL</ref>,<sp/><sp/><sp/><sp/><sp/><sp/><sp/><sp/><sp/><sp/><sp/><sp/><sp/><sp/><sp/><sp/><sp/><sp/></highlight></codeline>
<codeline lineno="51"><highlight class="normal"><sp/><sp/><sp/><sp/><ref refid="group__ERROR__FILE_1ggaeda9680c6d7a2340a2fd22ab6302b2b9ae61b4363c81410f881294dfde1ef7ab5" kindref="member">PIN_ERR_PIN_INJECTION</ref>,<sp/><sp/><sp/><sp/><sp/><sp/><sp/><sp/><sp/><sp/><sp/><sp/><sp/><sp/><sp/><sp/><sp/><sp/><sp/><sp/><sp/></highlight></codeline>
<codeline lineno="52"><highlight class="normal"><sp/><sp/><sp/><sp/><ref refid="group__ERROR__FILE_1ggaeda9680c6d7a2340a2fd22ab6302b2b9aa35c09c1e77601bddbadefaf954af7fc" kindref="member">PIN_ERR_WAIT_FOR_INJECTOR</ref>,<sp/><sp/><sp/><sp/><sp/><sp/><sp/><sp/><sp/><sp/><sp/><sp/><sp/><sp/><sp/><sp/><sp/></highlight></codeline>
<codeline lineno="53"><highlight class="normal"><sp/><sp/><sp/><sp/><ref refid="group__ERROR__FILE_1ggaeda9680c6d7a2340a2fd22ab6302b2b9abaf114893bba734cb889887dafe05dbf" kindref="member">PIN_ERR_BAD_OS_FILE</ref>,<sp/><sp/><sp/><sp/><sp/><sp/><sp/><sp/><sp/><sp/><sp/><sp/><sp/><sp/><sp/><sp/><sp/><sp/><sp/><sp/><sp/><sp/><sp/></highlight></codeline>
<codeline lineno="54"><highlight class="normal"><sp/><sp/><sp/><sp/><ref refid="group__ERROR__FILE_1ggaeda9680c6d7a2340a2fd22ab6302b2b9a6544853c7cbcbc37adbafee819cb508b" kindref="member">PIN_ERR_UNSUPPORTED_OS</ref>,<sp/><sp/><sp/><sp/><sp/><sp/><sp/><sp/><sp/><sp/><sp/><sp/><sp/><sp/><sp/><sp/><sp/><sp/><sp/><sp/></highlight></codeline>
<codeline lineno="55"><highlight class="normal"><sp/><sp/><sp/><sp/><ref refid="group__ERROR__FILE_1ggaeda9680c6d7a2340a2fd22ab6302b2b9a2ecdad35ad2265a3c080656dad2683e2" kindref="member">PIN_ERR_BIN32</ref>,<sp/><sp/><sp/><sp/><sp/><sp/><sp/><sp/><sp/><sp/><sp/><sp/><sp/><sp/><sp/><sp/><sp/><sp/><sp/><sp/><sp/><sp/><sp/><sp/><sp/><sp/><sp/><sp/><sp/></highlight></codeline>
<codeline lineno="56"><highlight class="normal"><sp/><sp/><sp/><sp/><ref refid="group__ERROR__FILE_1ggaeda9680c6d7a2340a2fd22ab6302b2b9aba5c2b23d6d7b7ced8ba8bbf63cf36db" kindref="member">PIN_ERR_BIN64</ref>,<sp/><sp/><sp/><sp/><sp/><sp/><sp/><sp/><sp/><sp/><sp/><sp/><sp/><sp/><sp/><sp/><sp/><sp/><sp/><sp/><sp/><sp/><sp/><sp/><sp/><sp/><sp/><sp/><sp/></highlight></codeline>
<codeline lineno="57"><highlight class="normal"><sp/><sp/><sp/><sp/><ref refid="group__ERROR__FILE_1ggaeda9680c6d7a2340a2fd22ab6302b2b9a52a139ca1256f4d394d3a99605ed268e" kindref="member">PIN_ERR_CANNOT_RUN</ref>,<sp/><sp/><sp/><sp/><sp/><sp/><sp/><sp/><sp/><sp/><sp/><sp/><sp/><sp/><sp/><sp/><sp/><sp/><sp/><sp/><sp/><sp/><sp/><sp/></highlight></codeline>
<codeline lineno="58"><highlight class="normal"><sp/><sp/><sp/><sp/><ref refid="group__ERROR__FILE_1ggaeda9680c6d7a2340a2fd22ab6302b2b9a0b1450bdd2c0669f82dd077d6fdbc916" kindref="member">PIN_ERR_ATTACH_PID</ref>,<sp/><sp/><sp/><sp/><sp/><sp/><sp/><sp/><sp/><sp/><sp/><sp/><sp/><sp/><sp/><sp/><sp/><sp/><sp/><sp/><sp/><sp/><sp/><sp/></highlight></codeline>
<codeline lineno="59"><highlight class="normal"><sp/><sp/><sp/><sp/><ref refid="group__ERROR__FILE_1ggaeda9680c6d7a2340a2fd22ab6302b2b9a06fb114c64ee8b6e0ea0925da63c290e" kindref="member">PIN_ERR_ATTACH_NYI</ref>,<sp/><sp/><sp/><sp/><sp/><sp/><sp/><sp/><sp/><sp/><sp/><sp/><sp/><sp/><sp/><sp/><sp/><sp/><sp/><sp/><sp/><sp/><sp/><sp/></highlight></codeline>
<codeline lineno="60"><highlight class="normal"><sp/><sp/><sp/><sp/><ref refid="group__ERROR__FILE_1ggaeda9680c6d7a2340a2fd22ab6302b2b9a96fb2bd21e6266b43ac3993c42289c61" kindref="member">PIN_ERR_ATTACH_REJECTED</ref>,<sp/><sp/><sp/><sp/><sp/><sp/><sp/><sp/><sp/><sp/><sp/><sp/><sp/><sp/><sp/><sp/><sp/><sp/><sp/></highlight></codeline>
<codeline lineno="61"><highlight class="normal"><sp/><sp/><sp/><sp/><ref refid="group__ERROR__FILE_1ggaeda9680c6d7a2340a2fd22ab6302b2b9ab75b40709d0351b9612b69c7663d1af4" kindref="member">PIN_ERR_ATTACH_PTRACE_SCOPE_1</ref>,<sp/><sp/><sp/><sp/><sp/><sp/><sp/><sp/><sp/><sp/><sp/><sp/><sp/></highlight></codeline>
<codeline lineno="62"><highlight class="normal"><sp/><sp/><sp/><sp/><ref refid="group__ERROR__FILE_1ggaeda9680c6d7a2340a2fd22ab6302b2b9a9edc8f11e078b58222de1d244f688e91" kindref="member">PIN_ERR_DETACH_PID</ref>,<sp/><sp/><sp/><sp/><sp/><sp/><sp/><sp/><sp/><sp/><sp/><sp/><sp/><sp/><sp/><sp/><sp/><sp/><sp/><sp/><sp/><sp/><sp/><sp/></highlight></codeline>
<codeline lineno="63"><highlight class="normal"><sp/><sp/><sp/><sp/><ref refid="group__ERROR__FILE_1ggaeda9680c6d7a2340a2fd22ab6302b2b9a5ce293f912d0a0eda6ae7b2a7f953b61" kindref="member">PIN_ERR_WAIT_PID</ref>,<sp/><sp/><sp/><sp/><sp/><sp/><sp/><sp/><sp/><sp/><sp/><sp/><sp/><sp/><sp/><sp/><sp/><sp/><sp/><sp/><sp/><sp/><sp/><sp/><sp/><sp/></highlight></codeline>
<codeline lineno="64"><highlight class="normal"><sp/><sp/><sp/><sp/><ref refid="group__ERROR__FILE_1ggaeda9680c6d7a2340a2fd22ab6302b2b9a91aff46b1629b329f0b1f9e4aa689a57" kindref="member">PIN_ERR_STEP_PID</ref>,<sp/><sp/><sp/><sp/><sp/><sp/><sp/><sp/><sp/><sp/><sp/><sp/><sp/><sp/><sp/><sp/><sp/><sp/><sp/><sp/><sp/><sp/><sp/><sp/><sp/><sp/></highlight></codeline>
<codeline lineno="65"><highlight class="normal"><sp/><sp/><sp/><sp/><ref refid="group__ERROR__FILE_1ggaeda9680c6d7a2340a2fd22ab6302b2b9a9fab7dc21e403a57c9997df99e821b7e" kindref="member">PIN_ERR_WAIT_EXECV</ref>,<sp/><sp/><sp/><sp/><sp/><sp/><sp/><sp/><sp/><sp/><sp/><sp/><sp/><sp/><sp/><sp/><sp/><sp/><sp/><sp/><sp/><sp/><sp/><sp/></highlight></codeline>
<codeline lineno="66"><highlight class="normal"><sp/><sp/><sp/><sp/><ref refid="group__ERROR__FILE_1ggaeda9680c6d7a2340a2fd22ab6302b2b9aa8698cd0773309ddac50d3921b9f18df" kindref="member">PIN_ERR_APP_RESUME</ref>,<sp/><sp/><sp/><sp/><sp/><sp/><sp/><sp/><sp/><sp/><sp/><sp/><sp/><sp/><sp/><sp/><sp/><sp/><sp/><sp/><sp/><sp/><sp/><sp/></highlight></codeline>
<codeline lineno="67"><highlight class="normal"><sp/><sp/><sp/><sp/><ref refid="group__ERROR__FILE_1ggaeda9680c6d7a2340a2fd22ab6302b2b9a55674b832d172a6a8bc10b49cbe3d8be" kindref="member">PIN_ERR_NO_INSTRUMENT</ref>,<sp/><sp/><sp/><sp/><sp/><sp/><sp/><sp/><sp/><sp/><sp/><sp/><sp/><sp/><sp/><sp/><sp/><sp/><sp/><sp/><sp/></highlight></codeline>
<codeline lineno="68"><highlight class="normal"><sp/><sp/><sp/><sp/><ref refid="group__ERROR__FILE_1ggaeda9680c6d7a2340a2fd22ab6302b2b9a45967f15d3f5919a4b2f497b313cc562" kindref="member">PIN_ERR_CHILD_PTRACEME</ref>,<sp/><sp/><sp/><sp/><sp/><sp/><sp/><sp/><sp/><sp/><sp/><sp/><sp/><sp/><sp/><sp/><sp/><sp/><sp/><sp/></highlight></codeline>
<codeline lineno="69"><highlight class="normal"><sp/><sp/><sp/><sp/><ref refid="group__ERROR__FILE_1ggaeda9680c6d7a2340a2fd22ab6302b2b9ae748d8c383349278a02edb6d3a68dfc1" kindref="member">PIN_ERR_CHILD_RESUME</ref>,<sp/><sp/><sp/><sp/><sp/><sp/><sp/><sp/><sp/><sp/><sp/><sp/><sp/><sp/><sp/><sp/><sp/><sp/><sp/><sp/><sp/><sp/></highlight></codeline>
<codeline lineno="70"><highlight class="normal"><sp/><sp/><sp/><sp/><ref refid="group__ERROR__FILE_1ggaeda9680c6d7a2340a2fd22ab6302b2b9ad0c8f9cee6534da5ac96662547cc43a5" kindref="member">PIN_ERR_RELINK_APP</ref>,<sp/><sp/><sp/><sp/><sp/><sp/><sp/><sp/><sp/><sp/><sp/><sp/><sp/><sp/><sp/><sp/><sp/><sp/><sp/><sp/><sp/><sp/><sp/><sp/></highlight></codeline>
<codeline lineno="71"><highlight class="normal"><sp/><sp/><sp/><sp/><ref refid="group__ERROR__FILE_1ggaeda9680c6d7a2340a2fd22ab6302b2b9ac46a5e724123ff99f19c3e1a581fc41e" kindref="member">PIN_ERR_KNOB_BAD</ref>,<sp/><sp/><sp/><sp/><sp/><sp/><sp/><sp/><sp/><sp/><sp/><sp/><sp/><sp/><sp/><sp/><sp/><sp/><sp/><sp/><sp/><sp/><sp/><sp/><sp/><sp/></highlight></codeline>
<codeline lineno="72"><highlight class="normal"><sp/><sp/><sp/><sp/><ref refid="group__ERROR__FILE_1ggaeda9680c6d7a2340a2fd22ab6302b2b9a21da2aed13d9167142bdf21c56b4e99a" kindref="member">PIN_ERR_NO_RELOCS</ref>,<sp/><sp/><sp/><sp/><sp/><sp/><sp/><sp/><sp/><sp/><sp/><sp/><sp/><sp/><sp/><sp/><sp/><sp/><sp/><sp/><sp/><sp/><sp/><sp/><sp/></highlight></codeline>
<codeline lineno="73"><highlight class="normal"><sp/><sp/><sp/><sp/><ref refid="group__ERROR__FILE_1ggaeda9680c6d7a2340a2fd22ab6302b2b9a6acecc9e658a0e4d5c0d26dc556c2e88" kindref="member">PIN_ERR_VERSION_SKEW</ref>,<sp/><sp/><sp/><sp/><sp/><sp/><sp/><sp/><sp/><sp/><sp/><sp/><sp/><sp/><sp/><sp/><sp/><sp/><sp/><sp/><sp/><sp/></highlight></codeline>
<codeline lineno="74"><highlight class="normal"><sp/><sp/><sp/><sp/><ref refid="group__ERROR__FILE_1ggaeda9680c6d7a2340a2fd22ab6302b2b9a4c5af8376d0eb40f64db4ab9f463b435" kindref="member">PIN_ERR_MS_DOS</ref>,<sp/><sp/><sp/><sp/><sp/><sp/><sp/><sp/><sp/><sp/><sp/><sp/><sp/><sp/><sp/><sp/><sp/><sp/><sp/><sp/><sp/><sp/><sp/><sp/><sp/><sp/><sp/><sp/></highlight></codeline>
<codeline lineno="75"><highlight class="normal"><sp/><sp/><sp/><sp/><ref refid="group__ERROR__FILE_1ggaeda9680c6d7a2340a2fd22ab6302b2b9ac793921c2029fa5d2437878be3894228" kindref="member">PIN_ERR_LONG_PATH</ref>,<sp/><sp/><sp/><sp/><sp/><sp/><sp/><sp/><sp/><sp/><sp/><sp/><sp/><sp/><sp/><sp/><sp/><sp/><sp/><sp/><sp/><sp/><sp/><sp/><sp/></highlight></codeline>
<codeline lineno="76"><highlight class="normal"><sp/><sp/><sp/><sp/><ref refid="group__ERROR__FILE_1ggaeda9680c6d7a2340a2fd22ab6302b2b9a0ae80730059694b1cc007a510800de97" kindref="member">PIN_ERR_CANNOT_EXECUTE_FILE</ref>,<sp/><sp/><sp/><sp/><sp/><sp/><sp/><sp/><sp/><sp/><sp/><sp/><sp/><sp/><sp/></highlight></codeline>
<codeline lineno="77"><highlight class="normal"><sp/><sp/><sp/><sp/><ref refid="group__ERROR__FILE_1ggaeda9680c6d7a2340a2fd22ab6302b2b9a994641a9abb61417ad5a730ee618e68f" kindref="member">PIN_ERR_BLOCKSIG_TOOL</ref>,<sp/><sp/><sp/><sp/><sp/><sp/><sp/><sp/><sp/><sp/><sp/><sp/><sp/><sp/><sp/><sp/><sp/><sp/><sp/><sp/><sp/></highlight></codeline>
<codeline lineno="79"><highlight class="normal"><sp/><sp/><sp/><sp/><ref refid="group__ERROR__FILE_1ggaeda9680c6d7a2340a2fd22ab6302b2b9ab78980c79b13566746eabd360151baf1" kindref="member">PIN_ERR_BLOCKSIG_APP</ref>,<sp/><sp/><sp/><sp/><sp/><sp/><sp/><sp/><sp/><sp/><sp/><sp/><sp/><sp/><sp/><sp/><sp/><sp/><sp/><sp/><sp/><sp/></highlight></codeline>
<codeline lineno="81"><highlight class="normal"><sp/><sp/><sp/><sp/><ref refid="group__ERROR__FILE_1ggaeda9680c6d7a2340a2fd22ab6302b2b9a3779de30efc0bee87af0cc890d20b6cc" kindref="member">PIN_ERR_USER_SPECIFIED_ERROR</ref>,<sp/><sp/><sp/><sp/><sp/><sp/><sp/><sp/><sp/><sp/><sp/><sp/><sp/><sp/></highlight></codeline>
<codeline lineno="82"><highlight class="normal"><sp/><sp/><sp/><sp/><ref refid="group__ERROR__FILE_1ggaeda9680c6d7a2340a2fd22ab6302b2b9a74b6a9f15ca21ea3c84af2351835070f" kindref="member">PIN_ERR_OUT_OF_MEMORY</ref>,<sp/><sp/><sp/><sp/><sp/><sp/><sp/><sp/><sp/><sp/><sp/><sp/><sp/><sp/><sp/><sp/><sp/><sp/><sp/><sp/><sp/></highlight></codeline>
<codeline lineno="83"><highlight class="normal"><sp/><sp/><sp/><sp/><ref refid="group__ERROR__FILE_1ggaeda9680c6d7a2340a2fd22ab6302b2b9ad3e380a7571184491635179c23b7f18d" kindref="member">PIN_ERR_NON_NUMERIC_STRING</ref>,<sp/><sp/><sp/><sp/><sp/><sp/><sp/><sp/><sp/><sp/><sp/><sp/><sp/><sp/><sp/><sp/></highlight></codeline>
<codeline lineno="84"><highlight class="normal"><sp/><sp/><sp/><sp/><ref refid="group__ERROR__FILE_1ggaeda9680c6d7a2340a2fd22ab6302b2b9ae6fc3ab3e413a42513102c7fb4576d2d" kindref="member">PIN_ERR_EMPTY_STRING</ref>,<sp/><sp/><sp/><sp/><sp/><sp/><sp/><sp/><sp/><sp/><sp/><sp/><sp/><sp/><sp/><sp/><sp/><sp/><sp/><sp/><sp/><sp/></highlight></codeline>
<codeline lineno="85"><highlight class="normal"><sp/><sp/><sp/><sp/><ref refid="group__ERROR__FILE_1ggaeda9680c6d7a2340a2fd22ab6302b2b9abc6df52a43b9ee09f291553f97a4c251" kindref="member">PIN_ERR_NUMERIC_FROM_STRING</ref>,<sp/><sp/><sp/><sp/><sp/><sp/><sp/><sp/><sp/><sp/><sp/><sp/><sp/><sp/><sp/></highlight></codeline>
<codeline lineno="86"><highlight class="normal"><sp/><sp/><sp/><sp/><ref refid="group__ERROR__FILE_1ggaeda9680c6d7a2340a2fd22ab6302b2b9a4266359bfd512877e1e75c3700c938d7" kindref="member">PIN_ERR_ALREADY_ATTACHED</ref>,<sp/><sp/><sp/><sp/><sp/><sp/><sp/><sp/><sp/><sp/><sp/><sp/><sp/><sp/><sp/><sp/><sp/><sp/></highlight></codeline>
<codeline lineno="87"><highlight class="normal"><sp/><sp/><sp/><sp/><ref refid="group__ERROR__FILE_1ggaeda9680c6d7a2340a2fd22ab6302b2b9a8ebce9e36630cad63bd6f2e2cd745e0e" kindref="member">PIN_ERR_ILLEGAL_EXCEPTION</ref>,<sp/><sp/><sp/><sp/><sp/><sp/><sp/><sp/><sp/><sp/><sp/><sp/><sp/><sp/><sp/><sp/><sp/></highlight></codeline>
<codeline lineno="88"><highlight class="normal"><sp/><sp/><sp/><sp/><ref refid="group__ERROR__FILE_1ggaeda9680c6d7a2340a2fd22ab6302b2b9a138c502e9a3dc3f0ba50d6af0640f776" kindref="member">PIN_ERR_EXCEPTION_NEEDS_ADDR</ref>,<sp/><sp/><sp/><sp/><sp/><sp/><sp/><sp/><sp/><sp/><sp/><sp/><sp/><sp/></highlight></codeline>
<codeline lineno="89"><highlight class="normal"><sp/><sp/><sp/><sp/><ref refid="group__ERROR__FILE_1ggaeda9680c6d7a2340a2fd22ab6302b2b9aae0e29610a94cea1c002e0de8cfdb347" kindref="member">PIN_ERR_PREDEFINED_INSTRUMENTATION_FAILED</ref>,<sp/></highlight></codeline>
<codeline lineno="90"><highlight class="normal"><sp/><sp/><sp/><sp/><ref refid="group__ERROR__FILE_1ggaeda9680c6d7a2340a2fd22ab6302b2b9a61004f9bbe8b2d4bd311d9191999265e" kindref="member">PIN_ERR_UNSUPPORTED_SYSCALL</ref>,<sp/><sp/><sp/><sp/><sp/><sp/><sp/><sp/><sp/><sp/><sp/><sp/><sp/><sp/><sp/></highlight></codeline>
<codeline lineno="91"><highlight class="normal"><sp/><sp/><sp/><sp/><ref refid="group__ERROR__FILE_1ggaeda9680c6d7a2340a2fd22ab6302b2b9a6b25fe1319bc6896443240c694d3142a" kindref="member">PIN_ERR_ACCESS_DENIED</ref>,<sp/><sp/><sp/><sp/><sp/><sp/><sp/><sp/><sp/><sp/><sp/><sp/><sp/><sp/><sp/><sp/><sp/><sp/><sp/><sp/><sp/></highlight></codeline>
<codeline lineno="92"><highlight class="normal"><sp/><sp/><sp/><sp/><ref refid="group__ERROR__FILE_1ggaeda9680c6d7a2340a2fd22ab6302b2b9a36f3267067ed9c2f8731c573acb1e760" kindref="member">PIN_ERR_INVALID_SUSPEND_REQUEST</ref>,<sp/><sp/><sp/><sp/><sp/><sp/><sp/><sp/><sp/><sp/><sp/></highlight></codeline>
<codeline lineno="93"><highlight class="normal"><sp/><sp/><sp/><sp/><ref refid="group__ERROR__FILE_1ggaeda9680c6d7a2340a2fd22ab6302b2b9acc9d693926bba8acb4a03336284176b3" kindref="member">PIN_ERR_DEBUGGER</ref>,<sp/><sp/><sp/><sp/><sp/><sp/><sp/><sp/><sp/><sp/><sp/><sp/><sp/><sp/><sp/><sp/><sp/><sp/><sp/><sp/><sp/><sp/><sp/><sp/><sp/><sp/></highlight></codeline>
<codeline lineno="94"><highlight class="normal"><sp/><sp/><sp/><sp/>PIN_ERR_LAST<sp/><sp/><sp/><sp/><sp/><sp/><sp/><sp/><sp/><sp/><sp/><sp/><sp/><sp/><sp/><sp/><sp/><sp/><sp/><sp/><sp/><sp/><sp/><sp/><sp/><sp/><sp/><sp/><sp/><sp/><sp/></highlight><highlight class="comment">//<sp/>end<sp/>sentinel</highlight><highlight class="normal"></highlight></codeline>
<codeline lineno="95"><highlight class="normal">}<sp/><ref refid="group__ERROR__FILE_1gaeda9680c6d7a2340a2fd22ab6302b2b9" kindref="member">PIN_ERRTYPE</ref>;</highlight></codeline>
<codeline lineno="96"><highlight class="normal"></highlight></codeline>
<codeline lineno="97"><highlight class="normal"></highlight><highlight class="preprocessor">#endif</highlight></codeline>
    </programlisting>
    <location file="Source/pin/include/pin-errtype.h"/>
  </compounddef>
</doxygen>
