<?xml version='1.0' encoding='UTF-8' standalone='no'?>
<doxygen xmlns:xsi="http://www.w3.org/2001/XMLSchema-instance" xsi:noNamespaceSchemaLocation="compound.xsd" version="1.8.17">
  <compounddef id="struct__PinPargClass_3_01long_01long_01_4" kind="struct" language="C++" prot="public">
    <compoundname>_PinPargClass&lt; long long &gt;</compoundname>
    <templateparamlist>
    </templateparamlist>
      <sectiondef kind="public-static-func">
      <memberdef kind="function" id="struct__PinPargClass_3_01long_01long_01_4_1a6e58013497ff3363312a49d1c0575e3a" prot="public" static="yes" const="no" explicit="no" inline="yes" virt="non-virtual">
        <type><ref refid="structPARG__T" kindref="compound">PARG_T</ref></type>
        <definition>static PARG_T _PinPargClass&lt; long long &gt;::parg</definition>
        <argsstring>()</argsstring>
        <name>parg</name>
        <briefdescription>
        </briefdescription>
        <detaileddescription>
        </detaileddescription>
        <inbodydescription>
        </inbodydescription>
        <location file="Source/pin/include/types_vmapi.PH" line="725" column="19" bodyfile="Source/pin/include/types_vmapi.PH" bodystart="725" bodyend="731"/>
      </memberdef>
      </sectiondef>
    <briefdescription>
    </briefdescription>
    <detaileddescription>
    </detaileddescription>
    <location file="Source/pin/include/types_vmapi.PH" line="724" column="1" bodyfile="Source/pin/include/types_vmapi.PH" bodystart="723" bodyend="732"/>
    <listofallmembers>
      <member refid="struct__PinPargClass_3_01long_01long_01_4_1a6e58013497ff3363312a49d1c0575e3a" prot="public" virt="non-virtual"><scope>_PinPargClass&lt; long long &gt;</scope><name>parg</name></member>
    </listofallmembers>
  </compounddef>
</doxygen>
