<?xml version='1.0' encoding='UTF-8' standalone='no'?>
<doxygen xmlns:xsi="http://www.w3.org/2001/XMLSchema-instance" xsi:noNamespaceSchemaLocation="compound.xsd" version="1.8.17">
  <compounddef id="structFLTSTR" kind="struct" language="C++" prot="public">
    <compoundname>FLTSTR</compoundname>
      <sectiondef kind="public-attrib">
      <memberdef kind="variable" id="structFLTSTR_1a13e1ce0b0ad733c53374fe5452c05cc6" prot="public" static="no" mutable="no">
        <type>UINT32</type>
        <definition>UINT32 FLTSTR::_p</definition>
        <argsstring></argsstring>
        <name>_p</name>
        <briefdescription>
        </briefdescription>
        <detaileddescription>
        </detaileddescription>
        <inbodydescription>
        </inbodydescription>
        <location file="Source/pin/base/util.PH" line="796" column="12" bodyfile="Source/pin/base/util.PH" bodystart="796" bodyend="-1"/>
      </memberdef>
      <memberdef kind="variable" id="structFLTSTR_1a3d8052c7b930d753a690d9187e793972" prot="public" static="no" mutable="no">
        <type>UINT32</type>
        <definition>UINT32 FLTSTR::_w</definition>
        <argsstring></argsstring>
        <name>_w</name>
        <briefdescription>
        </briefdescription>
        <detaileddescription>
        </detaileddescription>
        <inbodydescription>
        </inbodydescription>
        <location file="Source/pin/base/util.PH" line="797" column="12" bodyfile="Source/pin/base/util.PH" bodystart="797" bodyend="-1"/>
      </memberdef>
      </sectiondef>
      <sectiondef kind="public-func">
      <memberdef kind="function" id="structFLTSTR_1a187f4bc2630e65dd506e4a1ffc4cbdbe" prot="public" static="no" const="no" explicit="no" inline="yes" virt="non-virtual">
        <type></type>
        <definition>FLTSTR::FLTSTR</definition>
        <argsstring>(UINT32 prec=0, UINT32 width=0)</argsstring>
        <name>FLTSTR</name>
        <param>
          <type>UINT32</type>
          <declname>prec</declname>
          <defval>0</defval>
        </param>
        <param>
          <type>UINT32</type>
          <declname>width</declname>
          <defval>0</defval>
        </param>
        <briefdescription>
        </briefdescription>
        <detaileddescription>
        </detaileddescription>
        <inbodydescription>
        </inbodydescription>
        <location file="Source/pin/base/util.PH" line="794" column="5" bodyfile="Source/pin/base/util.PH" bodystart="794" bodyend="794"/>
      </memberdef>
      <memberdef kind="function" id="structFLTSTR_1a4ed07f40fbcc38415e24cd20de46825f" prot="public" static="no" const="yes" explicit="no" inline="yes" virt="non-virtual">
        <templateparamlist>
          <param>
            <type>typename T</type>
          </param>
        </templateparamlist>
        <type>std::string</type>
        <definition>std::string FLTSTR::operator()</definition>
        <argsstring>(const T &amp;t) const</argsstring>
        <name>operator()</name>
        <param>
          <type>const T &amp;</type>
          <declname>t</declname>
        </param>
        <briefdescription>
        </briefdescription>
        <detaileddescription>
        </detaileddescription>
        <inbodydescription>
        </inbodydescription>
        <location file="Source/pin/base/util.PH" line="795" column="30" bodyfile="Source/pin/base/util.PH" bodystart="795" bodyend="795"/>
      </memberdef>
      </sectiondef>
    <briefdescription>
    </briefdescription>
    <detaileddescription>
<para>Floating-to-string conversion object. </para>
    </detaileddescription>
    <location file="Source/pin/base/util.PH" line="793" column="1" bodyfile="Source/pin/base/util.PH" bodystart="792" bodyend="798"/>
    <listofallmembers>
      <member refid="structFLTSTR_1a13e1ce0b0ad733c53374fe5452c05cc6" prot="public" virt="non-virtual"><scope>FLTSTR</scope><name>_p</name></member>
      <member refid="structFLTSTR_1a3d8052c7b930d753a690d9187e793972" prot="public" virt="non-virtual"><scope>FLTSTR</scope><name>_w</name></member>
      <member refid="structFLTSTR_1a187f4bc2630e65dd506e4a1ffc4cbdbe" prot="public" virt="non-virtual"><scope>FLTSTR</scope><name>FLTSTR</name></member>
      <member refid="structFLTSTR_1a4ed07f40fbcc38415e24cd20de46825f" prot="public" virt="non-virtual"><scope>FLTSTR</scope><name>operator()</name></member>
    </listofallmembers>
  </compounddef>
</doxygen>
